facility_id,facility_name,facility_type,state,district,latitude,longitude,bed_capacity_x,date,patient_footfall,bed_capacity_y,occupied_beds,bed_occupancy_rate,staff_available,staff_availability_rate,supplier_delay_days,anomaly_event,total_inventory,avg_days_inventory,stockout_count,resilience_score,risk_level,risk_reasons
FAC-001,Ahmedabad Primary Health Centre,Primary Health Centre,Gujarat,Ahmedabad,23.009954011884737,72.61647143064098,20,2026-09-27,227,20,19,0.98,72,1.0,0,0,9167,8.213333333333333,0,62.7,MODERATE,['High bed occupancy']
FAC-002,Surat Community Health Centre,Community Health Centre,Gujarat,Surat,21.193399394181142,72.84096584841971,81,2026-09-27,178,81,79,0.98,24,0.753,0,0,11578,14.045000000000002,0,67.8,MODERATE,"['High bed occupancy', 'Reduced staff availability']"
FAC-003,Nagpur Primary Health Centre,Primary Health Centre,Maharashtra,Nagpur,21.111401864044247,79.05379945203362,43,2026-09-27,296,43,42,0.98,53,0.858,0,0,11933,6.93,0,58.7,HIGH,['High bed occupancy']
FAC-004,Nashik District Hospital,District Hospital,Maharashtra,Nashik,19.96170836121682,73.82761761457749,339,2026-09-27,164,339,206,0.61,76,0.839,0,0,14619,18.746666666666666,0,83.5,LOW,['No major operational risk detected']
FAC-005,Bhavnagar District Hospital,District Hospital,Gujarat,Bhavnagar,21.774611501174324,72.1727072577796,172,2026-09-27,127,172,128,0.75,59,0.901,3,0,9433,15.781666666666666,0,68.2,MODERATE,['Supplier delay detected']
FAC-006,Hubballi Community Health Centre,Community Health Centre,Karnataka,Hubballi,15.31675844942958,75.17099098521619,54,2026-09-27,92,54,52,0.98,55,0.894,5,0,10509,24.045,0,63.8,MODERATE,"['High bed occupancy', 'Supplier delay detected']"
FAC-007,Pune Primary Health Centre,Primary Health Centre,Maharashtra,Pune,18.55364426408004,73.82793391106783,26,2026-09-27,161,26,25,0.98,48,0.882,0,0,9494,12.126666666666667,0,66.8,MODERATE,['High bed occupancy']
FAC-008,Nagpur District Hospital,District Hospital,Maharashtra,Nagpur,21.113982496720716,79.05654045098534,304,2026-09-27,259,304,245,0.807,41,0.86,0,0,12658,11.131666666666666,0,68.5,MODERATE,['No major operational risk detected']
FAC-009,Pune District Hospital,District Hospital,Maharashtra,Pune,18.500824224295958,73.85917564316323,200,2026-09-27,303,200,196,0.98,89,0.937,0,0,7884,5.890000000000001,0,58.3,HIGH,['High bed occupancy']
FAC-010,Surat District Hospital,District Hospital,Gujarat,Surat,21.16339450186421,72.81022291401982,329,2026-09-27,238,329,224,0.681,54,0.932,0,0,9931,8.88,0,68.7,MODERATE,['No major operational risk detected']
FAC-011,Mangaluru Community Health Centre,Community Health Centre,Karnataka,Mangaluru,12.925285289472235,74.8199493860652,78,2026-09-27,154,78,76,0.98,31,0.91,0,0,12816,17.003333333333334,0,74.6,MODERATE,['High bed occupancy']
FAC-012,Mysuru District Hospital,District Hospital,Karnataka,Mysuru,12.275014464853522,76.62603618432937,221,2026-09-27,172,221,183,0.832,80,0.916,0,0,6609,9.520000000000001,0,66.4,MODERATE,['No major operational risk detected']
FAC-013,Vadodara Primary Health Centre,Primary Health Centre,Gujarat,Vadodara,22.302806998421705,73.2097175961393,44,2026-09-27,356,44,43,0.98,25,0.944,4,1,9240,3.6566666666666667,0,43.0,HIGH,"['Low medicine inventory', 'High bed occupancy', 'Supplier delay detected']"
FAC-014,Vadodara Primary Health Centre,Primary Health Centre,Gujarat,Vadodara,22.27716737821584,73.18262344384136,42,2026-09-27,190,42,41,0.98,21,0.886,0,0,11034,10.566666666666666,0,64.5,MODERATE,['High bed occupancy']
FAC-015,Bengaluru Community Health Centre,Community Health Centre,Karnataka,Bengaluru,12.980841456886203,77.549245041272,85,2026-09-27,210,85,83,0.98,75,0.897,0,0,8564,9.695,0,63.4,MODERATE,['High bed occupancy']
FAC-016,Satara Primary Health Centre,Primary Health Centre,Maharashtra,Satara,17.691254485190143,73.98535241236873,50,2026-09-27,210,50,49,0.98,39,0.862,4,0,8000,8.65,0,49.3,HIGH,"['High bed occupancy', 'Supplier delay detected']"
FAC-017,Vadodara Community Health Centre,Community Health Centre,Gujarat,Vadodara,22.263705159298528,73.22608855372533,63,2026-09-27,188,63,61,0.98,86,0.924,0,0,12348,12.790000000000001,0,68.4,MODERATE,['High bed occupancy']
FAC-018,Nashik Community Health Centre,Community Health Centre,Maharashtra,Nashik,20.052463203307457,73.82183973481165,62,2026-09-27,206,62,60,0.98,62,0.817,0,0,11603,11.61,0,65.1,MODERATE,['High bed occupancy']
FAC-019,Ahmednagar Community Health Centre,Community Health Centre,Maharashtra,Ahmednagar,19.07566137691733,74.70936721140063,83,2026-09-27,91,83,81,0.98,48,0.972,0,0,8280,22.006666666666664,0,80.0,LOW,['High bed occupancy']
FAC-020,Vadodara Primary Health Centre,Primary Health Centre,Gujarat,Vadodara,22.325623302651216,73.17521524937396,43,2026-09-27,143,43,42,0.98,34,0.895,0,0,12265,18.921666666666667,0,77.2,MODERATE,['High bed occupancy']
FAC-021,Mysuru District Hospital,District Hospital,Karnataka,Mysuru,12.258003823484476,76.63891769101112,181,2026-09-27,133,181,152,0.841,18,0.865,0,0,10964,18.641666666666666,0,79.1,MODERATE,['No major operational risk detected']
FAC-022,Bhavnagar Community Health Centre,Community Health Centre,Gujarat,Bhavnagar,21.717938852111523,72.19283204020788,60,2026-09-27,264,60,58,0.98,72,0.911,0,0,9600,8.056666666666667,0,61.2,MODERATE,['High bed occupancy']
FAC-023,Mangaluru Community Health Centre,Community Health Centre,Karnataka,Mangaluru,12.88997799816,74.87225222843539,96,2026-09-27,331,96,94,0.98,77,0.915,0,0,11420,7.32,0,60.1,MODERATE,['High bed occupancy']
FAC-024,Hubballi Primary Health Centre,Primary Health Centre,Karnataka,Hubballi,15.34587110760894,75.12600680211777,42,2026-09-27,273,42,41,0.98,18,0.831,0,0,9126,7.696666666666666,0,59.4,HIGH,['High bed occupancy']
FAC-025,Nashik Primary Health Centre,Primary Health Centre,Maharashtra,Nashik,20.01057102793433,73.75948544555256,41,2026-09-27,126,41,40,0.98,20,0.926,0,0,8745,15.82,0,73.0,MODERATE,['High bed occupancy']
FAC-026,Nagpur Community Health Centre,Community Health Centre,Maharashtra,Nagpur,21.192758462776457,79.11571328233612,60,2026-09-27,376,60,58,0.98,70,0.864,0,0,8751,5.208333333333333,0,56.2,HIGH,['High bed occupancy']
FAC-027,Rajkot Primary Health Centre,Primary Health Centre,Gujarat,Rajkot,22.34784989415642,70.84168273504277,47,2026-09-27,178,47,46,0.98,94,0.971,0,0,11471,13.058333333333332,0,69.6,MODERATE,['High bed occupancy']
FAC-028,Nashik Community Health Centre,Community Health Centre,Maharashtra,Nashik,20.015689997881108,73.83318742350231,85,2026-09-27,264,85,83,0.98,23,1.0,0,0,10823,9.906666666666666,0,65.3,MODERATE,['High bed occupancy']
FAC-029,Mysuru District Hospital,District Hospital,Karnataka,Mysuru,12.254649250205192,76.60899828624191,243,2026-09-27,182,243,189,0.779,51,0.83,0,0,10589,12.641666666666666,0,70.8,MODERATE,['No major operational risk detected']
FAC-030,Satara Community Health Centre,Community Health Centre,Maharashtra,Satara,17.63502272889105,74.00083303307632,95,2026-09-27,93,95,92,0.969,30,0.953,0,0,10644,23.616666666666664,0,79.9,MODERATE,['High bed occupancy']
